year,state,handgun,long_gun,other,totals,permit,permit_recheck
1998,Alabama,10567,25723,0,36290,0,0
1998,Alaska,1365,2555,0,3920,4,0
1998,Arizona,7157,8275,0,15432,1733,0
1998,Arkansas,4649,16914,0,21563,0,0
1998,California,28641,33438,0,62079,5366,0
1998,Colorado,7925,15233,0,23158,0,0
1998,Connecticut,1521,2486,0,4007,2817,0
1998,Delaware,507,1618,0,2125,0,0
1998,District of Columbia,0,0,0,0,0,0
1998,Florida,11507,19283,0,30790,0,0
1998,Georgia,1288,1665,0,2953,473,0
1998,Guam,2,7,0,9,0,0
1998,Hawaii,1,29,0,30,401,0
1998,Idaho,1873,5033,0,6906,0,0
1998,Illinois,6207,11050,0,17257,24026,0
1998,Indiana,5357,17143,0,22500,0,0
1998,Iowa,66,6738,0,6804,7835,0
1998,Kansas,3225,9011,0,12236,0,0
1998,Kentucky,11243,20206,0,31449,0,0
1998,Louisiana,7572,19860,0,27432,0,0
1998,Maine,1210,2848,0,4058,0,0
1998,Mariana Islands,0,0,0,0,0,0
1998,Maryland,953,6405,0,7358,1638,0
1998,Massachusetts,321,1116,0,1437,0,0
1998,Michigan,127,20373,0,20500,10086,0
1998,Minnesota,1105,8967,0,10072,1999,0
1998,Mississippi,7124,18771,0,25895,0,0
1998,Missouri,4212,19753,0,23965,0,0
1998,Montana,1795,4525,0,6320,0,0
1998,Nebraska,91,4633,0,4724,1925,0
1998,Nevada,2926,3362,0,6288,0,0
1998,New Hampshire,112,2318,0,2430,0,0
1998,New Jersey,1150,2618,0,3768,0,0
1998,New Mexico,3293,5604,0,8897,0,0
1998,New York,1094,12513,0,13607,1068,0
1998,North Carolina,1899,25234,0,27133,11701,0
1998,North Dakota,423,1996,0,2419,0,0
1998,Ohio,11123,20920,0,32043,0,0
1998,Oklahoma,5460,14345,0,19805,0,0
1998,Oregon,5422,8502,0,13924,0,0
1998,Pennsylvania,18,45270,0,45288,978,0
1998,Puerto Rico,402,102,0,504,0,0
1998,Rhode Island,439,602,0,1041,0,0
1998,South Carolina,2938,6560,0,9498,0,0
1998,South Dakota,260,2472,0,2732,0,0
1998,Tennessee,9129,15441,0,24570,0,0
1998,Texas,23862,52248,0,76110,5324,0
1998,Utah,2933,7630,0,10563,0,0
1998,Vermont,658,1443,0,2101,0,0
1998,Virgin Islands,0,0,0,0,0,0
1998,Virginia,7846,17057,0,24903,0,0
1998,Washington,1825,9308,0,11133,669,0
1998,West Virginia,4344,9678,0,14022,5,0
1998,Wisconsin,3862,11558,0,15420,0,0
1998,Wyoming,970,2352,0,3322,121,0
1998 Total,0,219999,582791,0,802790,78169,0
1999,Alabama,94544,149017,0,243561,0,0
1999,Alaska,14339,27790,0,42129,2,0
1999,Arizona,78103,71365,0,149468,20503,0
1999,Arkansas,50523,126875,0,177398,4271,0
1999,California,371893,410119,0,782012,101132,0
1999,Colorado,102368,147253,0,249621,2,0
1999,Connecticut,22375,22860,0,45235,41462,0
1999,Delaware,5979,11417,0,17396,0,0
1999,District of Columbia,19,2,0,21,0,0
1999,Florida,128773,127226,0,255999,0,0
1999,Georgia,106569,138415,0,244984,46401,0
1999,Guam,86,78,0,164,0,0
1999,Hawaii,0,4,0,4,5339,0
1999,Idaho,21584,49778,0,71362,0,0
1999,Illinois,77420,108485,0,185905,296607,0
1999,Indiana,31730,171369,0,203099,0,0
1999,Iowa,649,45371,0,46020,46013,0
1999,Kansas,35809,68393,0,104202,0,0
1999,Kentucky,96183,147578,0,243761,0,0
1999,Louisiana,70507,123008,0,193515,0,0
1999,Maine,12928,33526,0,46454,0,0
1999,Mariana Islands,32,18,0,50,0,0
1999,Maryland,2054,51662,0,53716,37549,0
1999,Massachusetts,9504,9836,0,19340,1903,0
1999,Michigan,1398,182542,0,183940,123760,0
1999,Minnesota,27953,119347,0,147300,29783,0
1999,Mississippi,66980,113063,0,180043,0,0
1999,Missouri,43744,161014,0,204758,5,0
1999,Montana,19448,52290,0,71738,0,0
1999,Nebraska,615,30912,0,31527,16397,0
1999,Nevada,31387,29046,0,60433,0,0
1999,New Hampshire,11799,25779,0,37578,9,0
1999,New Jersey,16176,21722,0,37898,0,0
1999,New Mexico,35566,56919,0,92485,0,0
1999,New York,10451,108562,0,119013,66554,0
1999,North Carolina,18324,181883,0,200207,108235,0
1999,North Dakota,5032,24528,0,29560,132,0
1999,Ohio,119054,173096,0,292150,0,0
1999,Oklahoma,57147,108851,0,165998,5,0
1999,Oregon,63342,95103,0,158445,0,0
1999,Pennsylvania,4139,511103,0,515242,10095,0
1999,Puerto Rico,4090,1033,0,5123,0,0
1999,Rhode Island,4933,5011,0,9944,0,0
1999,South Carolina,57983,80786,0,138769,5478,0
1999,South Dakota,4168,26947,0,31115,0,0
1999,Tennessee,122114,138475,0,260589,0,0
1999,Texas,229866,407561,0,637427,61171,0
1999,Utah,26051,50495,0,76546,0,0
1999,Vermont,6443,15571,0,22014,0,0
1999,Virgin Islands,0,0,0,0,0,0
1999,Virginia,84170,122192,0,206362,0,0
1999,Washington,29640,88327,0,117967,12977,0
1999,West Virginia,40720,91692,0,132412,24,0
1999,Wisconsin,49549,129693,0,179242,0,0
1999,Wyoming,10485,22463,0,32948,1891,0
1999 Total,0,2536738,5217451,0,7754189,1037700,0
2000,Alabama,81983,136767,0,218750,12,0
2000,Alaska,12714,26311,0,39025,0,0
2000,Arizona,65267,64828,0,130095,10401,0
2000,Arkansas,43458,116885,0,160343,6749,0
2000,California,328615,302746,0,631361,163145,0
2000,Colorado,118000,178889,0,296889,0,0
2000,Connecticut,8,4,0,12,87541,0
2000,Delaware,4948,10260,0,15208,0,0
2000,District of Columbia,17,0,0,17,0,0
2000,Florida,122562,122921,0,245483,0,0
2000,Georgia,83738,130224,0,213962,38994,0
2000,Guam,119,151,0,270,0,0
2000,Hawaii,0,0,0,0,6609,0
2000,Idaho,19285,46396,0,65681,0,0
2000,Illinois,60504,90875,0,151379,296360,0
2000,Indiana,22982,91875,0,114857,67405,0
2000,Iowa,440,41996,0,42436,45153,0
2000,Kansas,29377,65492,0,94869,0,0
2000,Kentucky,84688,140793,0,225481,0,0
2000,Louisiana,59327,112960,0,172287,2,0
2000,Maine,12055,32362,0,44417,0,0
2000,Mariana Islands,12,1,0,13,0,0
2000,Maryland,1708,46531,0,48239,35960,0
2000,Massachusetts,14067,10857,0,24924,26698,0
2000,Michigan,964,177663,0,178627,121971,0
2000,Minnesota,29984,121151,0,151135,32839,0
2000,Mississippi,56142,105749,0,161891,4,0
2000,Missouri,36523,153556,0,190079,2,0
2000,Montana,18401,51480,0,69881,2,0
2000,Nebraska,393,29121,0,29514,15279,0
2000,Nevada,23817,24605,0,48422,0,0
2000,New Hampshire,14495,24898,0,39393,578,0
2000,New Jersey,15263,21233,0,36496,0,0
2000,New Mexico,29382,53048,0,82430,0,0
2000,New York,9624,99927,0,109551,53844,0
2000,North Carolina,16227,170004,0,186231,103453,0
2000,North Dakota,4994,24814,0,29808,2301,0
2000,Ohio,99315,169218,0,268533,3,0
2000,Oklahoma,49532,104139,0,153671,3,0
2000,Oregon,49634,83512,0,133146,92,0
2000,Pennsylvania,10,467484,0,467494,4424,0
2000,Puerto Rico,4150,1064,0,5214,0,0
2000,Rhode Island,4216,4221,0,8437,0,0
2000,South Carolina,47169,72897,0,120066,7392,0
2000,South Dakota,5768,30673,0,36441,0,0
2000,Tennessee,100998,130240,0,231238,3,0
2000,Texas,189654,385227,0,574881,77773,0
2000,Utah,19941,46763,0,66704,0,0
2000,Vermont,5867,14263,0,20130,0,0
2000,Virgin Islands,0,0,0,0,0,0
2000,Virginia,71978,114634,0,186612,0,0
2000,Washington,34495,77732,0,112227,20104,0
2000,West Virginia,36957,89235,0,126192,0,0
2000,Wisconsin,40804,139566,0,180370,7,0
2000,Wyoming,9308,21737,0,31045,2711,0
2000 Total,0,2191879,4779978,0,6971857,1227814,0
2001,Alabama,83885,134914,0,218799,0,0
2001,Alaska,13039,25328,0,38367,0,0
2001,Arizona,63196,67475,0,130671,12657,0
2001,Arkansas,40128,110925,0,151053,6225,0
2001,California,280044,338251,0,618295,236271,0
2001,Colorado,131277,207982,0,339259,0,0
2001,Connecticut,9414,13153,0,22567,66094,0
2001,Delaware,5204,11209,0,16413,0,0
2001,District of Columbia,12,5,0,17,0,0
2001,Florida,141154,142637,0,283791,0,0
2001,Georgia,79997,130545,0,210542,34018,0
2001,Guam,150,174,0,324,0,0
2001,Hawaii,0,0,0,0,7456,0
2001,Idaho,17019,45814,0,62833,5106,0
2001,Illinois,57953,94887,0,152840,307614,0
2001,Indiana,25207,66300,0,91507,103144,0
2001,Iowa,411,41007,0,41418,47681,0
2001,Kansas,27427,63994,0,91421,0,0
2001,Kentucky,82302,144967,0,227269,0,0
2001,Louisiana,58091,111645,0,169736,0,0
2001,Maine,13102,35671,0,48773,0,0
2001,Mariana Islands,92,46,0,138,0,0
2001,Maryland,1355,51403,0,52758,30014,0
2001,Massachusetts,15490,13525,0,29015,34792,0
2001,Michigan,5213,181226,0,186439,176059,0
2001,Minnesota,28882,121855,0,150737,38847,0
2001,Mississippi,50613,99703,0,150316,0,0
2001,Missouri,35511,158183,0,193694,4,0
2001,Montana,17931,52024,0,69955,1243,0
2001,Nebraska,293,28352,0,28645,15486,0
2001,Nevada,24035,25176,0,49211,2,0
2001,New Hampshire,15257,26323,0,41580,3893,0
2001,New Jersey,13791,25132,0,38923,0,0
2001,New Mexico,29124,50915,0,80039,0,0
2001,New York,8629,109771,0,118400,56696,0
2001,North Carolina,13733,172180,0,185913,95424,0
2001,North Dakota,4709,24786,0,29495,2044,0
2001,Ohio,102266,179760,0,282026,0,0
2001,Oklahoma,50296,103712,0,154008,0,0
2001,Oregon,46620,91343,0,137963,723,0
2001,Pennsylvania,0,500416,0,500416,3915,0
2001,Puerto Rico,5793,1168,0,6961,0,0
2001,Rhode Island,4385,4874,0,9259,0,0
2001,South Carolina,44922,69847,0,114769,14567,0
2001,South Dakota,6942,32988,0,39930,1,0
2001,Tennessee,97966,129355,0,227321,3,0
2001,Texas,187524,381765,0,569289,73573,0
2001,Utah,19427,47173,0,66600,0,0
2001,Vermont,5872,14585,0,20457,0,0
2001,Virgin Islands,0,0,0,0,0,0
2001,Virginia,73338,120955,0,194293,0,0
2001,Washington,40469,82660,0,123129,32748,0
2001,West Virginia,37274,93313,0,130587,4,0
2001,Wisconsin,41124,140187,0,181311,1,0
2001,Wyoming,9325,21791,0,31116,2033,0
2001 Total,0,2167213,4943375,0,7110588,1408338,0
2002,Alabama,65294,111339,0,176633,0,0
2002,Alaska,10504,20709,0,31213,0,0
2002,Arizona,53833,59906,0,113739,19382,0
2002,Arkansas,30448,82190,0,112638,6163,0
2002,California,235121,257323,0,492444,191714,0
2002,Colorado,66778,110700,0,177478,0,0
2002,Connecticut,24680,26081,0,50761,39618,0
2002,Delaware,4767,11345,0,16112,0,0
2002,District of Columbia,6,1,0,7,0,0
2002,Florida,129720,137169,0,266889,0,0
2002,Georgia,68660,121653,0,190313,28263,0
2002,Guam,113,180,0,293,0,0
2002,Hawaii,0,0,0,0,7801,0
2002,Idaho,12940,36437,0,49377,11580,0
2002,Illinois,52562,93303,0,145865,298024,0
2002,Indiana,19154,61251,0,80405,102722,0
2002,Iowa,283,38238,0,38521,49567,0
2002,Kansas,22864,59259,0,82123,0,0
2002,Kentucky,65820,120303,0,186123,0,0
2002,Louisiana,50115,88494,0,138609,23,0
2002,Maine,12379,34000,0,46379,0,0
2002,Mariana Islands,34,1,0,35,0,0
2002,Maryland,650,47969,0,48619,27781,0
2002,Massachusetts,17775,15486,0,33261,56175,0
2002,Michigan,23208,173907,0,197115,152273,0
2002,Minnesota,28026,116316,0,144342,38844,0
2002,Mississippi,36975,77077,0,114052,0,0
2002,Missouri,32075,142956,0,175031,0,0
2002,Montana,14595,41821,0,56416,2710,0
2002,Nebraska,179,25886,0,26065,15609,0
2002,Nevada,21956,23897,0,45853,0,0
2002,New Hampshire,13637,25722,0,39359,10079,0
2002,New Jersey,17647,24996,0,42643,0,0
2002,New Mexico,22499,38465,0,60964,0,0
2002,New York,7883,103299,0,111182,48562,0
2002,North Carolina,2097,139016,0,141113,87457,0
2002,North Dakota,4127,22815,0,26942,1830,0
2002,Ohio,91493,177973,0,269466,0,0
2002,Oklahoma,40268,80912,0,121180,0,0
2002,Oregon,44013,90360,0,134373,691,0
2002,Pennsylvania,0,556095,0,556095,5798,0
2002,Puerto Rico,6719,1263,0,7982,0,0
2002,Rhode Island,4055,4603,0,8658,0,0
2002,South Carolina,34992,58350,0,93342,13175,0
2002,South Dakota,7163,32929,0,40092,0,0
2002,Tennessee,91223,128568,0,219791,3,0
2002,Texas,142352,313156,0,455508,94820,0
2002,Utah,16940,43981,0,60921,0,0
2002,Vermont,5655,14568,0,20223,0,0
2002,Virgin Islands,1,0,0,1,0,0
2002,Virginia,69145,120780,0,189925,0,0
2002,Washington,43246,74411,0,117657,50549,0
2002,West Virginia,31513,71433,0,102946,0,0
2002,Wisconsin,39027,132412,0,171439,0,0
2002,Wyoming,7903,18007,0,25910,1998,0
2002 Total,0,1845112,4409311,0,6254423,1363211,0
2003,Alabama,67985,114104,0,182089,0,0
2003,Alaska,11141,20385,0,31526,31,0
2003,Arizona,49634,57002,0,106636,19353,0
2003,Arkansas,31430,82507,0,113937,1932,0
2003,California,158811,209606,0,368417,156003,0
2003,Colorado,67461,99640,0,167101,9584,0
2003,Connecticut,25588,27660,0,53248,43163,0
2003,Delaware,4999,11132,0,16131,0,0
2003,District of Columbia,11,0,0,11,0,0
2003,Florida,134083,144746,0,278829,0,0
2003,Georgia,70067,122709,0,192776,29539,0
2003,Guam,161,208,0,369,0,0
2003,Hawaii,0,0,0,0,7394,0
2003,Idaho,13074,36343,0,49417,11747,0
2003,Illinois,53877,95656,0,149533,363619,0
2003,Indiana,29773,75224,0,104997,72839,0
2003,Iowa,251,42061,0,42312,50608,0
2003,Kansas,23695,61476,0,85171,0,0
2003,Kentucky,65656,118164,0,183820,0,0
2003,Louisiana,51998,93440,0,145438,2,0
2003,Maine,12532,34958,0,47490,0,0
2003,Mariana Islands,1,3,0,4,0,0
2003,Maryland,772,48415,0,49187,27009,0
2003,Massachusetts,21189,17139,0,38328,85043,0
2003,Michigan,27094,176602,0,203696,134124,0
2003,Minnesota,39391,124062,0,163453,56971,0
2003,Mississippi,36612,78498,0,115110,0,0
2003,Missouri,36899,143044,0,179943,0,0
2003,Montana,15408,43737,0,59145,3713,0
2003,Nebraska,169,27344,0,27513,15722,0
2003,Nevada,22692,25381,0,48073,0,0
2003,New Hampshire,13890,25690,0,39580,14898,0
2003,New Jersey,15998,25122,0,41120,0,0
2003,New Mexico,22599,37898,0,60497,0,0
2003,New York,8649,103693,0,112342,35833,0
2003,North Carolina,2493,141837,0,144330,79605,0
2003,North Dakota,4345,23805,0,28150,2545,0
2003,Ohio,93250,178186,0,271436,0,0
2003,Oklahoma,43202,84837,0,128039,0,0
2003,Oregon,47287,92310,0,139597,617,0
2003,Pennsylvania,2,506403,0,506405,4374,0
2003,Puerto Rico,6308,1408,0,7716,0,0
2003,Rhode Island,4010,4699,0,8709,0,0
2003,South Carolina,36976,58193,0,95169,10502,0
2003,South Dakota,7834,35302,0,43136,0,0
2003,Tennessee,90007,126036,0,216043,1,0
2003,Texas,151157,312704,0,463861,103700,0
2003,Utah,18199,44198,0,62397,7133,0
2003,Vermont,5846,13841,0,19687,0,0
2003,Virgin Islands,0,0,0,0,0,0
2003,Virginia,72882,125201,0,198083,1,0
2003,Washington,52210,80915,0,133125,54061,0
2003,West Virginia,30258,69009,0,99267,0,0
2003,Wisconsin,43203,142777,0,185980,0,0
2003,Wyoming,8019,17747,0,25766,1830,0
2003 Total,0,1851078,4383057,0,6234135,1403496,0
2004,Alabama,69932,117692,0,187624,0,0
2004,Alaska,13026,21959,0,34985,0,0
2004,Arizona,56236,62487,0,118723,17605,0
2004,Arkansas,31085,85476,0,116561,8214,0
2004,California,177220,219511,0,396731,141926,0
2004,Colorado,69512,109533,0,179045,10012,0
2004,Connecticut,22768,25045,0,47813,48361,0
2004,Delaware,4977,11197,0,16174,0,0
2004,District of Columbia,14,0,0,14,0,0
2004,Florida,144755,155333,0,300088,0,0
2004,Georgia,70216,123561,0,193777,34429,0
2004,Guam,192,237,0,429,0,0
2004,Hawaii,0,0,0,0,7295,0
2004,Idaho,13278,37931,0,51209,11570,0
2004,Illinois,53904,99523,0,153427,433946,0
2004,Indiana,63235,105228,0,168463,0,0
2004,Iowa,306,45008,0,45314,51050,0
2004,Kansas,24008,63202,0,87210,0,0
2004,Kentucky,67889,124173,0,192062,0,0
2004,Louisiana,49283,93711,0,142994,0,0
2004,Maine,13287,35746,0,49033,0,0
2004,Mariana Islands,0,0,0,0,0,0
2004,Maryland,2552,49825,0,52377,23183,0
2004,Massachusetts,20815,16535,0,37350,41202,0
2004,Michigan,32590,169747,0,202337,135692,0
2004,Minnesota,38578,128666,0,167244,51552,0
2004,Mississippi,38079,78965,0,117044,0,0
2004,Missouri,44533,142138,0,186671,0,0
2004,Montana,15596,45577,0,61173,4066,0
2004,Nebraska,156,29683,0,29839,17188,0
2004,Nevada,23762,27412,0,51174,0,0
2004,New Hampshire,13343,26177,0,39520,17082,0
2004,New Jersey,14399,22384,0,36783,0,0
2004,New Mexico,24903,38923,0,63826,0,0
2004,New York,10349,111057,0,121406,35791,0
2004,North Carolina,1985,142499,0,144484,92972,0
2004,North Dakota,4754,25156,0,29910,2287,0
2004,Ohio,127163,173266,0,300429,0,0
2004,Oklahoma,46856,87731,0,134587,0,0
2004,Oregon,48042,98103,0,146145,470,0
2004,Pennsylvania,0,497989,0,497989,3776,0
2004,Puerto Rico,6190,1284,0,7474,0,0
2004,Rhode Island,4286,4781,0,9067,0,0
2004,South Carolina,37647,60286,0,97933,10808,0
2004,South Dakota,8440,37554,0,45994,0,0
2004,Tennessee,87637,127351,0,214988,10900,0
2004,Texas,152473,319020,0,471493,82633,0
2004,Utah,18899,45428,0,64327,14659,0
2004,Vermont,5816,13398,0,19214,0,0
2004,Virgin Islands,0,0,0,0,0,0
2004,Virginia,80005,130520,0,210525,0,0
2004,Washington,55820,86352,0,142172,34659,0
2004,West Virginia,30356,69730,0,100086,0,0
2004,Wisconsin,40981,143387,0,184368,0,0
2004,Wyoming,8332,19370,0,27702,2344,0
2004 Total,0,1990460,4506847,0,6497307,1345672,0
2005,Alabama,77044,119189,0,196233,0,0
2005,Alaska,15458,23570,0,39028,0,0
2005,Arizona,68553,71164,0,139717,18587,0
2005,Arkansas,33743,86731,0,120474,10813,0
2005,California,219760,239155,0,458915,146608,0
2005,Colorado,75000,116200,0,191200,9701,0
2005,Connecticut,24806,24630,0,49436,44075,0
2005,Delaware,6210,10681,0,16891,0,0
2005,District of Columbia,19,1,0,20,0,0
2005,Florida,182793,170428,0,353221,0,0
2005,Georgia,78525,126314,0,204839,33641,0
2005,Guam,184,211,0,395,0,0
2005,Hawaii,0,0,0,0,7574,0
2005,Idaho,15320,41229,0,56549,11236,0
2005,Illinois,56745,94815,0,151560,372188,0
2005,Indiana,63969,100569,0,164538,0,0
2005,Iowa,296,45842,0,46138,52476,0
2005,Kansas,24733,61814,0,86547,0,0
2005,Kentucky,70894,119462,0,190356,0,0
2005,Louisiana,75090,106161,0,181251,1,0
2005,Maine,13438,33303,0,46741,0,0
2005,Mariana Islands,0,0,0,0,0,0
2005,Maryland,9591,50307,0,59898,19260,0
2005,Massachusetts,20581,15565,0,36146,64584,0
2005,Michigan,33065,158049,0,191114,141407,0
2005,Minnesota,36959,126190,0,163149,52464,0
2005,Mississippi,45705,90411,0,136116,2,0
2005,Missouri,47532,144772,0,192304,0,0
2005,Montana,16161,46734,0,62895,3914,0
2005,Nebraska,9,28978,0,28987,17793,0
2005,Nevada,27382,28821,0,56203,455,0
2005,New Hampshire,14565,25661,0,40226,15332,0
2005,New Jersey,15541,20436,0,35977,0,0
2005,New Mexico,27044,38923,0,65967,0,0
2005,New York,12953,109677,0,122630,35594,0
2005,North Carolina,1948,141642,0,143590,90758,0
2005,North Dakota,5170,26272,0,31442,2152,0
2005,Ohio,117324,170175,0,287499,0,0
2005,Oklahoma,52310,91873,0,144183,0,0
2005,Oregon,52469,101911,0,154380,482,0
2005,Pennsylvania,2,476676,0,476678,3217,0
2005,Puerto Rico,7331,1470,0,8801,0,0
2005,Rhode Island,4257,4416,0,8673,0,0
2005,South Carolina,43309,64030,0,107339,18841,0
2005,South Dakota,8795,37938,0,46733,0,0
2005,Tennessee,91349,122737,0,214086,35551,0
2005,Texas,188052,353437,0,541489,82207,0
2005,Utah,20349,51206,0,71555,16318,0
2005,Vermont,5912,12427,0,18339,0,0
2005,Virgin Islands,35,4,0,39,0,0
2005,Virginia,89812,129074,0,218886,3,0
2005,Washington,62214,92216,0,154430,40050,0
2005,West Virginia,32281,69609,0,101890,2,0
2005,Wisconsin,39930,140634,0,180564,0,0
2005,Wyoming,9223,20722,0,29945,2907,0
2005 Total,0,2241740,4584462,0,6826202,1350193,0
2006,Alabama,83100,121077,0,204177,0,0
2006,Alaska,16948,25236,0,42184,0,0
2006,Arizona,77463,77512,0,154975,32182,0
2006,Arkansas,37171,87465,0,124636,14281,0
2006,California,200857,227982,0,428839,172352,0
2006,Colorado,79488,117350,0,196838,12522,0
2006,Connecticut,25726,26291,0,52017,41706,0
2006,Delaware,6107,10367,0,16474,0,0
2006,District of Columbia,54,196,0,250,0,0
2006,Florida,213821,179478,0,393299,0,0
2006,Georgia,100961,138972,0,239933,35443,0
2006,Guam,147,192,0,339,0,0
2006,Hawaii,0,0,0,0,7580,0
2006,Idaho,17810,46214,0,64024,15155,0
2006,Illinois,60587,97719,0,158306,365917,0
2006,Indiana,69885,107529,0,177414,0,0
2006,Iowa,258,46642,0,46900,53022,0
2006,Kansas,34485,63318,0,97803,0,0
2006,Kentucky,75234,120916,0,196150,516563,0
2006,Louisiana,78149,111258,0,189407,3,0
2006,Maine,14263,35281,0,49544,0,0
2006,Mariana Islands,0,23,0,23,0,0
2006,Maryland,8957,50532,0,59489,20977,0
2006,Massachusetts,21341,16888,0,38229,96876,0
2006,Michigan,28568,160454,0,189022,139160,0
2006,Minnesota,40890,131761,0,172651,63730,0
2006,Mississippi,48789,99937,0,148726,2661,0
2006,Missouri,51629,147089,0,198718,10166,0
2006,Montana,17263,48533,0,65796,5138,0
2006,Nebraska,11,29589,0,29600,20314,0
2006,Nevada,28653,29518,0,58171,9220,0
2006,New Hampshire,16495,27288,0,43783,19021,0
2006,New Jersey,16360,20311,0,36671,0,0
2006,New Mexico,30287,42708,0,72995,2839,0
2006,New York,28880,127694,0,156574,41723,0
2006,North Carolina,2675,146016,0,148691,104319,0
2006,North Dakota,5877,28340,0,34217,3004,0
2006,Ohio,119652,181106,0,300758,0,0
2006,Oklahoma,59362,95241,0,154603,0,0
2006,Oregon,56364,103452,0,159816,545,0
2006,Pennsylvania,3,515760,0,515763,2465,0
2006,Puerto Rico,6791,1477,0,8268,0,0
2006,Rhode Island,4315,4543,0,8858,0,0
2006,South Carolina,45923,65660,0,111583,21547,0
2006,South Dakota,9107,39529,0,48636,0,0
2006,Tennessee,98928,127063,0,225991,27999,0
2006,Texas,209106,364299,0,573405,89836,0
2006,Utah,24198,60665,0,84863,20556,0
2006,Vermont,6743,13699,0,20442,0,0
2006,Virgin Islands,295,20,0,315,884,0
2006,Virginia,103742,132077,0,235819,0,0
2006,Washington,70278,96733,0,167011,64972,0
2006,West Virginia,33208,73218,0,106426,17,0
2006,Wisconsin,43652,143134,0,186786,0,0
2006,Wyoming,10469,24239,0,34708,2758,0
2006 Total,0,2441325,4789591,0,7230916,2037453,0
2007,Alabama,91446,114695,0,206141,0,0
2007,Alaska,18339,26540,0,44879,0,0
2007,Arizona,73717,68907,0,142624,33595,0
2007,Arkansas,40060,78154,0,118214,21203,0
2007,California,195941,191063,0,387004,277806,0
2007,Colorado,84766,112173,0,196939,3079,0
2007,Connecticut,29991,28627,0,58618,52769,0
2007,Delaware,6300,9316,0,15616,0,0
2007,District of Columbia,26,108,0,134,0,0
2007,Florida,236772,169954,0,406726,0,0
2007,Georgia,82899,109975,0,192874,46333,0
2007,Guam,147,291,0,438,0,0
2007,Hawaii,0,0,0,0,6511,0
2007,Idaho,20366,46097,0,66463,16496,0
2007,Illinois,64374,93588,0,157962,375313,0
2007,Indiana,74545,104199,0,178744,0,0
2007,Iowa,231,42732,0,42963,54471,0
2007,Kansas,40613,60477,0,101090,0,0
2007,Kentucky,77636,108671,0,186307,1360388,0
2007,Louisiana,76147,109624,0,185771,0,0
2007,Maine,14846,33139,0,47985,0,0
2007,Mariana Islands,0,11,0,11,0,0
2007,Maryland,22237,45294,0,67531,11076,0
2007,Massachusetts,22247,16963,0,39210,125399,0
2007,Michigan,24619,143218,0,167837,139924,0
2007,Minnesota,44506,122205,0,166711,73309,0
2007,Mississippi,47222,92708,0,139930,7458,0
2007,Missouri,81328,139515,0,220843,31449,0
2007,Montana,19125,49577,0,68702,5524,0
2007,Nebraska,11,29388,0,29399,21499,0
2007,Nevada,29632,26412,0,56044,9100,0
2007,New Hampshire,18784,25413,0,44197,20713,0
2007,New Jersey,16505,19322,0,35827,0,0
2007,New Mexico,33745,42206,0,75951,3398,0
2007,New York,40064,131364,0,171428,39927,0
2007,North Carolina,2610,138244,0,140854,112868,0
2007,North Dakota,6471,30272,0,36743,3320,0
2007,Ohio,124805,178028,0,302833,0,0
2007,Oklahoma,66041,87593,0,153634,0,0
2007,Oregon,60535,98202,0,158737,566,0
2007,Pennsylvania,1,558582,0,558583,2646,0
2007,Puerto Rico,6542,1485,0,8027,0,0
2007,Rhode Island,4535,4734,0,9269,0,0
2007,South Carolina,50001,61141,0,111142,24486,0
2007,South Dakota,10178,39901,0,50079,0,0
2007,Tennessee,114808,121906,0,236714,0,0
2007,Texas,240007,343467,0,583474,75324,0
2007,Utah,29154,55928,0,85082,40685,0
2007,Vermont,6673,12991,0,19664,0,0
2007,Virgin Islands,275,32,0,307,1147,0
2007,Virginia,114206,124081,0,238287,0,0
2007,Washington,79340,96921,0,176261,77723,0
2007,West Virginia,35393,66749,0,102142,1,0
2007,Wisconsin,43550,134686,0,178236,0,0
2007,Wyoming,11317,23828,0,35145,3296,0
2007 Total,0,2635629,4570697,0,7206326,3078802,0
2008,Alabama,112649,143499,0,256148,117,0
2008,Alaska,22983,33094,0,56077,0,0
2008,Arizona,80623,71653,0,152276,38724,0
2008,Arkansas,49419,79698,0,129117,31181,0
2008,California,227528,217609,0,445137,335184,0
2008,Colorado,117975,132372,0,250347,1,0
2008,Connecticut,37234,37053,0,74287,73454,0
2008,Delaware,7822,9841,0,17663,0,0
2008,District of Columbia,187,70,0,257,0,0
2008,Florida,288165,187986,0,476151,0,0
2008,Georgia,105299,109944,0,215243,116574,0
2008,Guam,183,256,0,439,0,0
2008,Hawaii,0,0,0,0,8562,0
2008,Idaho,23542,46609,0,70151,17469,0
2008,Illinois,80729,102650,0,183379,427723,0
2008,Indiana,94880,115552,0,210432,0,0
2008,Iowa,355,42766,0,43121,63746,0
2008,Kansas,50572,64304,0,114876,0,0
2008,Kentucky,86095,109564,0,195659,1641815,0
2008,Louisiana,94932,129014,0,223946,0,0
2008,Maine,18541,34394,0,52935,0,0
2008,Mariana Islands,0,0,0,0,0,0
2008,Maryland,36916,47551,0,84467,3357,0
2008,Massachusetts,24184,19407,0,43591,75251,0
2008,Michigan,26618,140993,0,167611,185005,0
2008,Minnesota,54590,121022,0,175612,92602,0
2008,Mississippi,54973,90221,0,145194,6416,0
2008,Missouri,138874,147805,0,286679,7896,0
2008,Montana,22710,51084,0,73794,6854,0
2008,Nebraska,102,30070,0,30172,25172,0
2008,Nevada,42766,35528,0,78294,10233,0
2008,New Hampshire,23478,26434,0,49912,17087,0
2008,New Jersey,19042,20719,0,39761,0,0
2008,New Mexico,40601,46633,0,87234,4258,0
2008,New York,44324,140795,0,185119,35622,0
2008,North Carolina,2770,148261,0,151031,156913,0
2008,North Dakota,8666,32021,0,40687,3930,0
2008,Ohio,161737,162264,0,324001,0,0
2008,Oklahoma,86615,96827,0,183442,0,0
2008,Oregon,71876,103276,0,175152,608,0
2008,Pennsylvania,2,594353,0,594355,2737,0
2008,Puerto Rico,5159,1170,0,6329,0,0
2008,Rhode Island,5869,5315,0,11184,0,0
2008,South Carolina,70257,65954,0,136211,31913,0
2008,South Dakota,14712,43438,0,58150,0,0
2008,Tennessee,146725,129725,0,276450,136,0
2008,Texas,337415,394276,0,731691,98980,0
2008,Utah,34625,53199,0,87824,92047,0
2008,Vermont,8102,13499,0,21601,0,0
2008,Virgin Islands,335,28,0,363,1167,0
2008,Virginia,137088,137713,0,274801,0,0
2008,Washington,97464,113027,0,210491,82055,0
2008,West Virginia,43587,72132,0,115719,0,0
2008,Wisconsin,54002,130285,0,184287,0,0
2008,Wyoming,15302,25014,0,40316,4232,0
2008 Total,0,3331199,4907967,0,8239166,3699021,0
2009,Alabama,119867,146978,819,267664,2619,0
2009,Alaska,23339,31112,466,54917,0,0
2009,Arizona,82347,71188,891,154426,41143,0
2009,Arkansas,55239,76494,224,131957,43585,0
2009,California,240795,256203,0,496998,291115,0
2009,Colorado,126647,132671,0,259318,1,0
2009,Connecticut,46464,40850,112,87426,114110,0
2009,Delaware,9712,10246,76,20034,0,0
2009,District of Columbia,356,2,0,358,0,0
2009,Florida,323436,195554,0,518990,0,0
2009,Georgia,105011,101644,489,207144,128237,0
2009,Guam,221,268,12,501,0,0
2009,Hawaii,0,0,0,0,10511,0
2009,Idaho,23365,43713,184,67262,20319,0
2009,Illinois,99880,118568,0,218448,528388,0
2009,Indiana,110487,118446,1251,230184,31606,0
2009,Iowa,441,41520,71,42032,76640,0
2009,Kansas,59429,70038,644,130111,0,0
2009,Kentucky,90376,108036,707,199119,1943007,0
2009,Louisiana,97990,122013,817,220820,0,0
2009,Maine,21341,35648,197,57186,0,0
2009,Mariana Islands,0,0,0,0,0,0
2009,Maryland,45907,47237,64,93208,1,0
2009,Massachusetts,30166,22114,597,52877,44428,0
2009,Michigan,25707,135169,764,161640,194808,0
2009,Minnesota,61840,117678,662,180180,94956,0
2009,Mississippi,51789,80682,445,132916,2970,0
2009,Missouri,158961,151973,1252,312186,13189,0
2009,Montana,24931,49599,229,74759,8591,0
2009,Nebraska,135,28315,39,28489,29559,0
2009,Nevada,47416,39831,0,87247,12361,0
2009,New Hampshire,27945,29280,0,57225,18663,0
2009,New Jersey,29976,24517,0,54493,0,0
2009,New Mexico,40840,44715,418,85973,5871,0
2009,New York,54613,148597,1265,204475,34216,0
2009,North Carolina,2648,139077,872,142597,182768,0
2009,North Dakota,9779,29090,68,38937,6492,0
2009,Ohio,194377,168250,2048,364675,0,0
2009,Oklahoma,96676,95024,1011,192711,0,0
2009,Oregon,77167,102016,0,179183,690,0
2009,Pennsylvania,7,637968,0,637975,2278,0
2009,Puerto Rico,6367,1389,32,7788,0,0
2009,Rhode Island,7168,6244,132,13544,0,0
2009,South Carolina,78235,64021,348,142604,53242,0
2009,South Dakota,16164,42901,132,59197,0,0
2009,Tennessee,166340,135670,0,302010,100410,0
2009,Texas,364996,377244,3128,745368,147383,0
2009,Utah,34134,46020,0,80154,174201,0
2009,Vermont,8898,13594,81,22573,0,0
2009,Virgin Islands,242,25,0,267,1489,0
2009,Virginia,148246,143801,0,292047,0,0
2009,Washington,111756,111328,1612,224696,83867,0
2009,West Virginia,49248,72072,395,121715,165,0
2009,Wisconsin,64458,128637,541,193636,0,0
2009,Wyoming,15729,23371,113,39213,6943,0
2009 Total,0,3689604,4978641,23208,8691453,4450822,0
2010,Alabama,116963,136519,1771,255253,4621,0
2010,Alaska,25720,33177,825,59722,0,0
2010,Arizona,89162,69067,2091,160320,24751,0
2010,Arkansas,49992,72206,636,122834,31305,0
2010,California,245159,275458,0,520617,295252,0
2010,Colorado,130155,129642,0,259797,12928,0
2010,Connecticut,47545,40546,470,88561,90942,0
2010,Delaware,9230,9466,207,18903,0,0
2010,District of Columbia,308,11,0,319,2,0
2010,Florida,332371,186675,0,519046,35,0
2010,Georgia,99145,95541,1223,195909,95959,0
2010,Guam,240,268,17,525,0,0
2010,Hawaii,0,0,0,0,10527,0
2010,Idaho,23081,42074,467,65622,13758,0
2010,Illinois,109204,116746,1,225951,463699,0
2010,Indiana,112615,114450,2849,229914,105419,0
2010,Iowa,588,40400,138,41126,82079,0
2010,Kansas,57808,67562,1360,126730,4008,0
2010,Kentucky,84311,99910,1177,185398,2149338,0
2010,Louisiana,89765,119251,1700,210716,0,0
2010,Maine,23380,37968,453,61801,0,0
2010,Mariana Islands,0,0,0,0,0,0
2010,Maryland,39909,45556,231,85696,4,0
2010,Massachusetts,33468,21903,1001,56372,58474,0
2010,Michigan,18523,129008,1397,148928,194283,0
2010,Minnesota,58612,117485,1484,177581,109840,0
2010,Mississippi,50788,80935,919,132642,3826,0
2010,Missouri,149923,141957,2825,294705,23095,0
2010,Montana,25083,48163,484,73730,7857,0
2010,Nebraska,897,28141,98,29136,27728,0
2010,Nevada,46625,36803,0,83428,13332,0
2010,New Hampshire,28788,27960,160,56908,22799,0
2010,New Jersey,25593,24032,0,49625,0,0
2010,New Mexico,42618,42293,996,85907,8100,0
2010,New York,59848,147539,2950,210337,30047,0
2010,North Carolina,3007,128899,2059,133965,150722,0
2010,North Dakota,9932,30214,202,40348,4051,0
2010,Ohio,199090,159740,4284,363114,1,0
2010,Oklahoma,95249,91058,2427,188734,0,0
2010,Oregon,80060,98279,0,178339,486,0
2010,Pennsylvania,6,622368,0,622374,2569,0
2010,Puerto Rico,6386,1472,27,7885,0,0
2010,Rhode Island,7641,6062,214,13917,0,0
2010,South Carolina,70314,61328,883,132525,48351,0
2010,South Dakota,16624,41403,284,58311,0,0
2010,Tennessee,166078,135550,0,301628,102940,0
2010,Texas,344377,361378,7744,713499,122062,0
2010,Utah,28442,41495,0,69937,481563,0
2010,Vermont,9535,14191,188,23914,0,0
2010,Virgin Islands,212,22,0,234,1357,0
2010,Virginia,169736,145468,0,315204,0,0
2010,Washington,117336,103848,4031,225215,80101,0
2010,West Virginia,49351,72106,773,122230,179,0
2010,Wisconsin,62619,127101,1412,191132,1,0
2010,Wyoming,14589,21490,303,36382,5916,0
2010 Total,0,3678001,4842184,52761,8572946,4884307,0
2011,Alabama,130490,146290,2121,278901,5036,0
2011,Alaska,28291,34607,955,63853,0,0
2011,Arizona,108245,81285,3111,192641,32906,0
2011,Arkansas,54659,78806,768,134233,30087,0
2011,California,303169,320988,186,624343,278625,0
2011,Colorado,148975,146166,0,295141,1280,0
2011,Connecticut,49793,41435,1145,92373,93587,0
2011,Delaware,11126,10672,266,22064,0,0
2011,District of Columbia,280,9,0,289,0,0
2011,Florida,379889,212419,0,592308,10,0
2011,Georgia,116794,112097,1567,230458,90278,0
2011,Guam,231,242,21,494,0,0
2011,Hawaii,0,0,0,0,12626,0
2011,Idaho,27967,47957,687,76611,16284,0
2011,Illinois,134178,133935,0,268113,553984,0
2011,Indiana,136250,130012,3860,270122,78242,0
2011,Iowa,995,41838,189,43022,135236,0
2011,Kansas,60955,74165,1769,136889,13549,0
2011,Kentucky,92936,111518,1358,205812,2019543,0
2011,Louisiana,101519,130125,2020,233664,0,0
2011,Maine,27040,40838,663,68541,0,0
2011,Mariana Islands,0,1,0,1,0,0
2011,Maryland,45851,53678,318,99847,290,0
2011,Massachusetts,42506,24802,1128,68436,83795,0
2011,Michigan,15224,134412,1361,150997,201143,0
2011,Minnesota,72073,127369,2157,201599,124260,0
2011,Mississippi,56615,86909,1087,144611,4875,0
2011,Missouri,167789,160145,3846,331780,27697,0
2011,Montana,29416,50377,503,80296,7801,0
2011,Nebraska,1225,30806,137,32168,32299,0
2011,Nevada,53246,42142,113,95501,14285,0
2011,New Hampshire,33604,30808,224,64636,25986,0
2011,New Jersey,31163,28005,231,59399,0,0
2011,New Mexico,46708,45187,1240,93135,6413,0
2011,New York,65774,163547,3711,233032,37459,0
2011,North Carolina,3703,148662,2616,154981,167568,0
2011,North Dakota,15144,36835,275,52254,5801,0
2011,Ohio,243338,186301,5490,435129,3,0
2011,Oklahoma,109524,109833,3327,222684,1,0
2011,Oregon,95413,106685,0,202098,578,0
2011,Pennsylvania,94,714553,3,714650,3209,0
2011,Puerto Rico,9388,1839,57,11284,0,0
2011,Rhode Island,8689,7241,200,16130,0,0
2011,South Carolina,81206,70232,1449,152887,52126,0
2011,South Dakota,20186,43602,430,64218,0,0
2011,Tennessee,188776,158193,0,346969,96198,0
2011,Texas,413943,423486,10474,847903,161077,0
2011,Utah,32105,46702,6,78813,939767,0
2011,Vermont,11276,15381,216,26873,0,0
2011,Virgin Islands,280,32,0,312,1039,0
2011,Virginia,175556,149404,84,325044,0,0
2011,Washington,137157,116763,5362,259282,101640,0
2011,West Virginia,60210,82189,1086,143485,1163,0
2011,Wisconsin,101839,130883,1958,234680,83719,0
2011,Wyoming,18586,23558,362,42506,3992,0
2011 Total,0,4301389,5445966,70137,9817492,5545457,0
2012,Alabama,177239,184072,4348,365659,6135,0
2012,Alaska,35851,40505,1646,78002,89,0
2012,Arizona,139050,107079,5528,251657,55725,0
2012,Arkansas,69481,94539,1336,165356,36490,0
2012,California,375569,423207,809,799585,324057,0
2012,Colorado,184989,170969,4939,360897,41271,0
2012,Connecticut,63570,53992,2521,120083,117327,0
2012,Delaware,15684,13873,465,30022,36,0
2012,District of Columbia,427,18,0,445,0,0
2012,Florida,473185,296793,12654,782632,4,0
2012,Georgia,149486,138183,2622,290291,120240,0
2012,Guam,411,448,35,894,0,0
2012,Hawaii,2,2,2,6,17406,0
2012,Idaho,35429,57061,1107,93597,27810,0
2012,Illinois,181910,174405,0,356315,670197,0
2012,Indiana,188980,174306,7403,370689,89993,0
2012,Iowa,1473,45722,283,47478,98634,0
2012,Kansas,82285,90441,2885,175611,18323,0
2012,Kentucky,117969,129589,2179,249737,2279591,0
2012,Louisiana,129806,157772,4155,291733,0,0
2012,Maine,36602,48634,1212,86448,0,0
2012,Mariana Islands,0,5,0,5,0,0
2012,Maryland,66909,65937,459,133305,166,0
2012,Massachusetts,55136,35033,2687,92856,115496,0
2012,Michigan,21005,159546,2664,183215,242029,0
2012,Minnesota,102120,148621,3753,254494,172651,0
2012,Mississippi,72957,104362,2032,179351,5190,0
2012,Missouri,219811,203285,7185,430281,40304,0
2012,Montana,39239,59452,866,99557,12401,0
2012,Nebraska,1206,34758,185,36149,48284,0
2012,Nevada,61929,51644,2507,116080,19920,0
2012,New Hampshire,50981,43602,457,95040,32899,0
2012,New Jersey,45151,38508,2191,85850,0,0
2012,New Mexico,58155,57555,2255,117965,8025,0
2012,New York,82884,214474,6667,304025,30529,0
2012,North Carolina,8835,191132,4536,204503,226996,0
2012,North Dakota,22938,44526,490,67954,13163,0
2012,Ohio,328683,249311,9730,587724,0,0
2012,Oklahoma,158678,146545,6316,311539,0,0
2012,Oregon,132660,133862,1,266523,431,0
2012,Pennsylvania,536,873543,1057,875136,93393,0
2012,Puerto Rico,12846,2317,88,15251,0,0
2012,Rhode Island,11604,10508,220,22332,0,0
2012,South Carolina,113109,86155,2723,201987,77286,0
2012,South Dakota,28948,52801,651,82400,0,0
2012,Tennessee,233098,206066,0,439164,74627,0
2012,Texas,548083,535441,20105,1103629,166035,0
2012,Utah,42737,53980,898,97615,123852,0
2012,Vermont,14891,18590,372,33853,0,0
2012,Virgin Islands,318,64,3,385,2,0
2012,Virginia,235889,203068,9797,448754,0,0
2012,Washington,183670,154850,9359,347879,132907,0
2012,West Virginia,78593,98749,1837,179179,3025,0
2012,Wisconsin,165937,158062,4023,328022,136706,0
2012,Wyoming,24029,28263,580,52872,3902,0
2012 Total,0,5682963,6866225,162823,12712011,5683547,0
2013,Alabama,195052,203530,5955,404537,100231,0
2013,Alaska,36678,44001,2646,83325,2569,0
2013,Arizona,138744,110309,6824,255877,76048,0
2013,Arkansas,74884,94837,1278,170999,66434,0
2013,California,407355,526191,1002,934548,423953,0
2013,Colorado,213176,188017,8970,410163,89282,0
2013,Connecticut,68920,57455,4521,130896,163105,0
2013,Delaware,19799,16424,864,37087,2040,0
2013,District of Columbia,453,37,1,491,0,0
2013,Florida,503401,326475,19831,849707,167737,0
2013,Georgia,155855,139936,3362,299153,176406,0
2013,Guam,650,527,116,1293,0,0
2013,Hawaii,0,0,0,0,17415,0
2013,Idaho,37510,57025,1256,95791,37423,0
2013,Illinois,236374,184681,0,421055,848615,0
2013,Indiana,215778,183676,8997,408451,173553,0
2013,Iowa,2132,41371,293,43796,114907,0
2013,Kansas,83208,90424,3159,176791,35236,0
2013,Kentucky,122316,127608,2640,252564,1268713,0
2013,Louisiana,144927,167642,5648,318217,0,0
2013,Maine,38737,50959,1237,90933,0,0
2013,Mariana Islands,0,13,0,13,0,0
2013,Maryland,132453,87046,1335,220834,7207,0
2013,Massachusetts,61219,40058,4396,105673,143528,0
2013,Michigan,136643,155359,3802,295804,200912,0
2013,Minnesota,124002,152045,4864,280911,231076,0
2013,Mississippi,83754,100270,2055,186079,8768,0
2013,Missouri,240764,212607,8091,461462,62745,0
2013,Montana,39081,59936,1149,100166,16704,0
2013,Nebraska,1343,31787,218,33348,56897,0
2013,Nevada,59861,48128,3168,111157,25878,0
2013,New Hampshire,56470,46503,682,103655,43805,0
2013,New Jersey,66786,50287,2998,120071,0,0
2013,New Mexico,63923,61320,2861,128104,11997,0
2013,New York,108508,202024,7079,317611,28505,0
2013,North Carolina,10214,199484,5395,215093,302094,0
2013,North Dakota,23594,44862,643,69099,12926,0
2013,Ohio,358748,266246,13015,638009,0,0
2013,Oklahoma,163291,154106,7578,324975,0,0
2013,Oregon,140539,133202,0,273741,559,0
2013,Pennsylvania,317,765678,2982,768977,275728,0
2013,Puerto Rico,13798,2679,159,16636,0,0
2013,Rhode Island,12800,11128,455,24383,0,0
2013,South Carolina,110001,90764,3632,204397,102873,0
2013,South Dakota,31418,53625,961,86004,26,0
2013,Tennessee,249753,216448,0,466201,124271,0
2013,Texas,598088,568501,23668,1190257,277031,0
2013,Utah,45853,54492,1149,101494,214194,0
2013,Vermont,15912,18903,585,35400,0,0
2013,Virgin Islands,222,44,0,266,862,0
2013,Virginia,257928,229551,10947,498426,0,0
2013,Washington,199142,159388,11676,370206,152569,0
2013,West Virginia,92387,105814,2519,200720,5602,0
2013,Wisconsin,166049,165601,5211,336861,92407,0
2013,Wyoming,26692,29774,903,57369,7001,0
2013 Total,0,6387502,7128798,212776,13729076,6169832,0
2014,Alabama,178355,170815,6715,355885,204273,0
2014,Alaska,35694,39625,2279,77598,2714,0
2014,Arizona,123375,91086,7480,221941,56033,0
2014,Arkansas,60520,82670,1556,144746,48399,0
2014,California,495962,369009,49227,914198,547611,0
2014,Colorado,182498,156062,8756,347316,54514,0
2014,Connecticut,78637,59470,1508,139615,130334,0
2014,Delaware,19310,19271,824,39405,2468,0
2014,District of Columbia,475,30,0,505,0,0
2014,Florida,469636,274733,22072,766441,204480,0
2014,Georgia,145921,124217,3997,274135,156469,0
2014,Guam,1110,613,278,2001,0,0
2014,Hawaii,0,0,0,0,15225,0
2014,Idaho,31731,50879,1450,84060,33730,0
2014,Illinois,235090,155203,0,390293,944162,0
2014,Indiana,205212,159207,9370,373789,258993,0
2014,Iowa,2130,35314,262,37706,88110,0
2014,Kansas,60729,71160,2953,134842,22361,0
2014,Kentucky,103090,109069,2331,214490,2221902,0
2014,Louisiana,127666,146614,6389,280669,30,0
2014,Maine,32357,43264,1545,77166,0,0
2014,Mariana Islands,0,11,0,11,0,0
2014,Maryland,55012,64067,906,119985,19079,0
2014,Massachusetts,59663,33395,4032,97090,80130,0
2014,Michigan,110011,125769,3733,239513,177757,0
2014,Minnesota,92969,132957,4869,230795,237357,0
2014,Mississippi,78174,88191,2158,168523,8266,0
2014,Missouri,216695,188792,9204,414691,58191,0
2014,Montana,32607,55323,1065,88995,11504,0
2014,Nebraska,1332,26356,184,27872,39333,0
2014,Nevada,48428,35808,2627,86863,21226,0
2014,New Hampshire,47546,38906,952,87404,36823,0
2014,New Jersey,49910,40664,1745,92319,0,0
2014,New Mexico,58328,52902,3062,114292,8885,0
2014,New York,96738,180565,6510,283813,76653,0
2014,North Carolina,12049,165134,5549,182732,939853,0
2014,North Dakota,18892,38922,711,58525,8264,0
2014,Ohio,303396,235600,14730,553726,0,0
2014,Oklahoma,147548,135431,8963,291942,0,0
2014,Oregon,123605,118887,0,242492,538,0
2014,Pennsylvania,507888,151566,175,659629,239166,0
2014,Puerto Rico,12919,2475,131,15525,0,0
2014,Rhode Island,10045,8419,489,18953,0,0
2014,South Carolina,95071,79138,4018,178227,83278,0
2014,South Dakota,27448,48624,1221,77293,48,0
2014,Tennessee,229718,189845,0,419563,103268,0
2014,Texas,513197,504240,27837,1045274,251155,0
2014,Utah,33765,47327,1308,82400,172139,0
2014,Vermont,13914,16346,647,30907,0,0
2014,Virgin Islands,187,26,0,213,1053,0
2014,Virginia,221407,187656,9969,419032,732,0
2014,Washington,167432,130056,13687,311175,132184,0
2014,West Virginia,76988,89577,2504,169069,11412,0
2014,Wisconsin,125208,144916,5406,275530,52710,0
2014,Wyoming,21655,27169,879,49703,7046,0
2014 Total,0,6199243,5543371,268263,12010877,7769858,0
2015,Alabama,243734,176075,9442,429251,246203,0
2015,Alaska,37086,36372,2318,75776,2682,0
2015,Arizona,148400,93155,8896,250451,47873,0
2015,Arkansas,77394,83097,2264,162755,55516,0
2015,California,477822,343127,53693,874642,873632,0
2015,Colorado,216791,163128,11488,391407,48739,0
2015,Connecticut,123507,48350,2230,174087,133565,0
2015,Delaware,23245,20043,897,44185,4520,0
2015,District of Columbia,674,32,0,706,28,0
2015,Florida,572020,277768,28972,878760,201131,0
2015,Georgia,189445,126520,5191,321156,192809,0
2015,Guam,1250,605,158,2013,0,0
2015,Hawaii,0,0,0,0,15266,0
2015,Idaho,39024,53450,1998,94472,29029,0
2015,Illinois,252978,146878,0,399856,838018,0
2015,Indiana,249169,160378,12898,422445,639313,0
2015,Iowa,2678,34192,315,37185,108952,0
2015,Kansas,76665,69909,3622,150196,19880,0
2015,Kentucky,128700,109642,3216,241558,2923972,0
2015,Louisiana,163856,140651,8591,313098,25638,0
2015,Maine,42604,41198,1942,85744,3780,0
2015,Mariana Islands,0,14,4,18,0,0
2015,Maryland,37088,65102,1354,103544,19122,0
2015,Massachusetts,65841,34145,4493,104479,60526,0
2015,Michigan,141689,126919,4602,273210,217034,0
2015,Minnesota,110200,136831,6247,253278,253341,0
2015,Mississippi,109994,90161,3141,203296,10652,0
2015,Missouri,253977,186718,13009,453704,85663,0
2015,Montana,35977,57550,1355,94882,12831,0
2015,Nebraska,1809,26998,213,29020,49150,0
2015,Nevada,56978,34316,2510,93804,25057,0
2015,New Hampshire,55003,38243,1265,94511,41217,0
2015,New Jersey,47849,40533,1652,90034,0,0
2015,New Mexico,65666,52235,3948,121849,8917,0
2015,New York,107532,184216,7360,299108,39889,0
2015,North Carolina,15243,166991,7675,189909,285468,0
2015,North Dakota,20610,36980,907,58497,7315,0
2015,Ohio,357374,233793,17977,609144,95332,0
2015,Oklahoma,165875,127273,10439,303587,0,0
2015,Oregon,150194,125378,0,275572,553,0
2015,Pennsylvania,601164,118232,0,719396,267623,0
2015,Puerto Rico,12988,2269,274,15531,0,0
2015,Rhode Island,11274,8402,703,20379,0,0
2015,South Carolina,121972,85004,5798,212774,86351,0
2015,South Dakota,32317,50323,2215,84855,8928,0
2015,Tennessee,300767,198386,0,499153,141621,0
2015,Texas,617174,486807,33752,1137733,268158,0
2015,Utah,41687,49217,2151,93055,149612,0
2015,Vermont,16353,16694,787,33834,0,0
2015,Virgin Islands,216,33,1,250,1082,0
2015,Virginia,262120,184030,10728,456878,6028,0
2015,Washington,183549,129667,15639,328855,126583,0
2015,West Virginia,88627,85883,2941,177451,31534,0
2015,Wisconsin,155285,149264,7105,311654,65241,0
2015,Wyoming,22374,26264,1123,49761,6674,0
2015 Total,0,7333808,5479441,329499,13142748,8782048,0
2016,Alabama,153123,121963,6104,281190,291039,0
2016,Alaska,37491,36887,2889,77267,3121,0
2016,Arizona,166784,108988,13122,288894,87771,5109
2016,Arkansas,80244,82120,3059,165423,55456,7036
2016,California,560355,554550,211707,1326612,1036981,0
2016,Colorado,242502,180026,15890,438418,85087,0
2016,Connecticut,122375,43813,2445,168633,148949,0
2016,Delaware,25574,21746,1268,48588,8440,0
2016,District of Columbia,675,48,0,723,144,0
2016,Florida,662308,316232,42439,1020979,337086,0
2016,Georgia,194800,128277,6474,329551,233115,0
2016,Guam,1249,660,146,2055,0,0
2016,Hawaii,0,0,0,0,16627,0
2016,Idaho,46523,55591,2804,104918,38086,44
2016,Illinois,352411,177255,0,529666,962930,419341
2016,Indiana,278182,177218,17764,473164,946912,0
2016,Iowa,2790,35254,393,38437,161841,540
2016,Kansas,81116,73748,5323,160187,19402,24
2016,Kentucky,140721,109030,3886,253637,3372613,0
2016,Louisiana,171588,139122,11420,322130,35141,0
2016,Maine,48845,46780,3032,98657,6986,1
2016,Mariana Islands,0,16,1,17,0,0
2016,Maryland,52305,71892,1789,125986,36025,0
2016,Massachusetts,75977,41931,7096,125004,97516,16
2016,Michigan,164878,129089,6382,300349,251162,20283
2016,Minnesota,133962,143543,10289,287794,350315,0
2016,Mississippi,119050,92822,4081,215953,22564,0
2016,Missouri,274754,202708,17404,494866,90972,0
2016,Montana,37547,56834,2142,96523,20512,0
2016,Nebraska,1717,26494,260,28471,58386,664
2016,Nevada,66158,38105,3387,107650,30950,0
2016,New Hampshire,68529,44681,2206,115416,48347,0
2016,New Jersey,70249,49099,2505,121853,0,0
2016,New Mexico,69434,55664,4924,130022,14149,0
2016,New York,133285,197670,12500,343455,49646,1846
2016,North Carolina,16595,176919,9886,203400,345364,0
2016,North Dakota,19975,34013,1284,55272,13240,0
2016,Ohio,394570,243963,23993,662526,167449,695
2016,Oklahoma,166181,130514,13098,309793,0,0
2016,Oregon,178716,143029,0,321745,2903,6
2016,Pennsylvania,642232,158141,249,800622,333755,0
2016,Puerto Rico,12779,2416,308,15503,0,0
2016,Rhode Island,14262,10204,885,25351,0,0
2016,South Carolina,132473,87413,6778,226664,149428,0
2016,South Dakota,36520,49522,3134,89176,16279,0
2016,Tennessee,319169,210161,5011,534341,106082,62697
2016,Texas,637476,481609,40329,1159414,390462,0
2016,Utah,47401,54133,3514,105048,178393,266
2016,Vermont,18320,18853,1291,38464,0,0
2016,Virgin Islands,266,57,0,323,759,0
2016,Virginia,295963,209975,12547,518485,9817,0
2016,Washington,214106,151029,23732,388867,268274,652
2016,West Virginia,92124,81105,3643,176872,26806,0
2016,Wisconsin,186300,159784,9867,355951,199431,0
2016,Wyoming,22569,25815,1457,49841,7938,45
2016 Total,0,8085498,5988511,586137,14660146,11134651,519265
2017,Alabama,74929,58770,2611,136310,207172,1001
2017,Alaska,27749,25880,2279,55908,2338,22
2017,Arizona,122193,76086,9989,208268,69634,2047
2017,Arkansas,55930,52087,2181,110198,33512,7067
2017,California,420142,246983,29657,696782,581069,0
2017,Colorado,179377,127994,11864,319235,53042,0
2017,Connecticut,59450,20528,2235,82213,67384,1820
2017,Delaware,18211,13698,790,32699,5424,0
2017,District of Columbia,625,37,0,662,301,0
2017,Florida,509169,209860,31316,750345,196409,0
2017,Georgia,135132,78476,4250,217858,165232,0
2017,Guam,880,454,95,1429,0,0
2017,Hawaii,0,0,0,0,10427,0
2017,Idaho,34425,41333,2133,77891,57132,19
2017,Illinois,228189,111322,0,339511,144838,793847
2017,Indiana,199850,115992,12090,327932,318728,0
2017,Iowa,1865,22803,380,25048,87987,10476
2017,Kansas,57302,47533,4023,108858,25053,42
2017,Kentucky,97945,69403,2746,170094,3608737,0
2017,Louisiana,109590,81756,7797,199143,25353,0
2017,Maine,33342,31328,2239,66909,7122,0
2017,Mariana Islands,82,23,3,108,0,0
2017,Maryland,42809,49477,2085,94371,28920,1
2017,Massachusetts,55321,27218,4034,86573,81525,1
2017,Michigan,113522,93143,4741,211406,194974,226
2017,Minnesota,83036,103401,6514,192951,380916,0
2017,Mississippi,80587,55417,2717,138721,17844,0
2017,Missouri,201049,143436,12441,356926,8611,0
2017,Montana,27119,40460,1736,69315,14892,6
2017,Nebraska,1256,17088,177,18521,36940,692
2017,Nevada,45938,25290,2664,73892,22692,0
2017,New Hampshire,51037,29529,1540,82106,22116,0
2017,New Jersey,51179,31884,1902,84965,0,0
2017,New Mexico,55380,40158,4210,99748,11414,0
2017,New York,104906,140288,10512,255706,29193,13679
2017,North Carolina,13556,113594,6980,134130,251027,0
2017,North Dakota,15750,24024,1029,40803,10361,0
2017,Ohio,267532,157301,15653,440486,119951,3227
2017,Oklahoma,112270,87805,9561,209636,0,0
2017,Oregon,134541,103132,0,237673,29572,151
2017,Pennsylvania,453527,127066,979,581572,260417,0
2017,Puerto Rico,11081,1877,428,13386,0,0
2017,Rhode Island,10708,6622,806,18136,0,0
2017,South Carolina,96974,56184,5227,158385,133455,6801
2017,South Dakota,24907,33445,2453,60805,12075,0
2017,Tennessee,234035,135260,12425,381720,222920,0
2017,Texas,446810,324827,30061,801698,259658,0
2017,Utah,33498,34575,2318,70391,139341,349
2017,Vermont,14646,14162,961,29769,0,0
2017,Virgin Islands,247,44,1,292,693,0
2017,Virginia,234886,149942,12207,397035,10113,0
2017,Washington,159216,107641,18114,284971,132069,628
2017,West Virginia,62128,54293,2663,119084,21125,0
2017,Wisconsin,141628,123407,7612,272647,152356,0
2017,Wyoming,15227,17229,1006,33462,3735,183
2017 Total,0,5762683,3901565,314435,9978683,8275799,842285
Grand Total,0,74573063,97850229,2020039,174443331,80726190,1361550